Top queries,Clicks,Impressions,CTR,Position
nexal,1,255,0.39%,6.9
aumento nexal,0,1154,0%,8.41
nexal incremento opiniones,0,79,0%,20.28
nexi,0,36,0%,1.22
nexal incremento,0,28,0%,6.46
nexi mascotas,0,3,0%,6.33
novias virtuales ia,0,2,0%,1
quienes son sus fundadores,0,2,0%,1
agente de ia para responder whatsapp,0,1,0%,1
nexzi,0,1,0%,1
pero que es,0,1,0%,1
nexi chat,0,1,0%,3
ia para responder mensajes,0,1,0%,5
"""ai index 2025"" mmmu multimodal",0,1,0%,6
como ver las llamadas perdidas en messenger,0,1,0%,6
nexal solution,0,1,0%,6
nexal incremento es confiable,0,1,0%,7
nexail,0,1,0%,8
nexi_informa,0,1,0%,9
forge ia,0,1,0%,10
whatsapp business problemas,0,1,0%,13
nexi.de,0,1,0%,97